"","ID","Length","motif","kind_of_motif","motif.pos","rel.pos"
"1","A4_human",770,"KFFEQ","canonical",765,0.993506493506494
"2","AATC_pig",413,"RKVEQ","canonical",57,0.138014527845036
"3","AATC_pig",413,"QEKRV","canonical",99,0.239709443099274
"4","CHK1_human",476,"DKLVQ","canonical",338,0.710084033613445
"5","G3P_rabbit",333,"NRVVD","asparagine",327,0.981981981981982
"6","HIF1A_human",826,"NEFKL","asparagine",539,0.652542372881356
"7","HXK2_human",917,"QRFEK","canonical",741,0.808069792802617
"8","ITCH_mouse",864,"QDLRR","canonical",534,0.618055555555556
"9","ITCH_mouse",864,"QFVKE","canonical",777,0.899305555555556
"10","ITCH_mouse",864,"QLKEK","canonical",848,0.981481481481482
"11","KPYM_rabbit",531,"QDLKF","canonical",229,0.431261770244821
"12","MYC_human",439,"VEKRQ","canonical",269,0.612756264236902
"13","MYC_human",439,"VLERQ","canonical",363,0.826879271070615
"14","PARK7_human",189,"ILKEQ","canonical",93,0.492063492063492
"15","PLIN2_mouse",425,"SLKVQ","phosphorylation",416,0.978823529411765
"16","PLIN3_mouse",437,"LDRLQ","canonical",102,0.233409610983982
"17","RND3_human",244,"QRIEL","canonical",71,0.290983606557377
"18","STING_mouse",378,"QEVLR","canonical",328,0.867724867724868
"19","SYUA_rat",140,"VKKDQ","canonical",97,0.692857142857143
"20","TADBP_human",414,"QVKKD","canonical",136,0.328502415458937
